data_type,fuel_class,2016,2017,2019,2021
ld,all,3.1125,0.7291666666666666,1.8611111111111112,0.9263888888888889
ld,duff,1.5694444444444444,0.4375,0.08472222222222223,0.14583333333333334
ld,litter,1.5430555555555556,0.2916666666666667,1.7763888888888888,0.7805555555555556
